{"root_word": ["soretried"], "root_letter": ["r"], "nine": [], "eight": [], "seven": ["editors", "editors", "oestrid", "sortied", "steroid", "storied", "triodes"], "six": ["diores", "direst", "disert", "dister", "dories", "dorise", "dorset", "doters", "dotier", "driest", "droits", "editor", "ostrei", "restio", "rioted", "rosied", "sidero", "soredi", "sorite", "sorted", "sortie", "sterid", "stored", "stride", "strode", "tories", "triode", "triose"], "five": ["dirts", "distr", "distr", "diter", "doers", "dorie", "doris", "dorse", "dorsi", "dorsi", "dorts", "doser", "doter", "drest", "dries", "droit", "edris", "edroi", "ireos", "isort", "ister", "iters", "orest", "osier", "oster", "redos", "reist", "resid", "resit", "resod", "rides", "riots", "rites", "rites", "rodie", "roist", "rosed", "roset", "rosie", "rotes", "rotse", "serio", "serio", "sider", "sider", "sired", "siret", "sirte", "soter", "steri", "stero", "stier", "stire", "store", "strid", "tiers", "tired", "tires", "tored", "torie", "torse", "torsi", "tried", "tries", "trios", "trode", "trois"], "four": ["dero", "dier", "dior", "doer", "dori", "dors", "dors", "dort", "drie", "eris", "eros", "erst", "ider", "ired", "ires", "ires", "iter", "oder", "ored", "ores", "ores", "orit", "orts", "redo", "redo", "reds", "reid", "reis", "reit", "rest", "retd", "retd", "rets", "ride", "rids", "ries", "riot", "rise", "rist", "rite", "rode", "rodi", "rods", "rods", "roed", "roes", "roid", "rois", "roit", "rost", "rote", "roti", "seor", "seri", "sero", "sero", "sert", "sier", "sire", "soir", "sord", "sore", "sori", "sort", "ster", "ster", "stir", "stor", "stre", "teri", "tier", "tire", "tiro", "tore", "tori", "tors", "tres", "trid", "trio", "tris", "trod", "tros"]}