{"root_word": ["amblingly"], "root_letter": ["b"], "nine": [], "eight": [], "seven": ["ambling", "blaming", "lambing"], "six": ["abying", "baying", "baling", "bigamy", "bylina", "gimbal", "libyan", "nimbly"], "five": ["albin", "albyn", "baign", "baily", "balmy", "bangy", "banig", "bialy", "bigam", "bigly", "bilgy", "binal", "bingy", "blain", "blimy", "bliny", "gambi", "gilba", "gilby", "imban", "lamby", "libya", "libna", "ligby", "limba", "limby", "namby"], "four": ["ably", "agib", "albi", "alby", "amby", "ambi", "bail", "bain", "bali", "balm", "bang", "bani", "byam", "biga", "bina", "bing", "byng", "blay", "blam", "blan", "blim", "blin", "gabi", "gaby", "gamb", "glib", "yalb", "iamb", "iban", "inby", "inlb", "lamb", "liba", "limb", "mabi", "naib", "nimb"]}