{"root_word": ["hartstown"], "root_letter": ["w"], "nine": [], "eight": [], "seven": ["ashwort", "shantow", "warnoth", "wharton"], "six": ["aworth", "nowhat", "ostraw", "rawson", "rowans", "rowths", "strawn", "strown", "swarth", "tarnow", "thrawn", "thraws", "thrown", "throws", "warton", "watson", "whatso", "whorts", "worths", "wraths"], "five": ["nowts", "rowan", "rowth", "shawn", "showa", "shown", "sowan", "sowar", "starw", "stawn", "straw", "strow", "swart", "swath", "sworn", "thawn", "thaws", "thraw", "throw", "throw", "towan", "towns", "towns", "trows", "wants", "warns", "warnt", "warst", "warth", "warts", "warts", "washo", "wasnt", "wasnt", "whart", "whats", "whats", "whoas", "whort", "wonts", "worst", "worth", "worts", "wotan", "wrast", "wrath", "wroth"], "four": ["arow", "arow", "atwo", "atwo", "awns", "haws", "hows", "hwan", "hwar", "narw", "nawt", "norw", "norw", "nows", "nowt", "owns", "raws", "rows", "rowt", "sawn", "sawt", "shaw", "show", "shwa", "snaw", "snow", "sown", "sowt", "staw", "stow", "swat", "swor", "swot", "tawn", "taws", "thaw", "thow", "town", "tows", "trow", "twas", "twas", "twos", "twos", "wans", "want", "warn", "wars", "wars", "wart", "wash", "wash", "wasn", "wast", "wath", "whan", "whar", "what", "whoa", "whon", "whos", "woan", "wons", "wont", "wont", "worn", "wort", "wost", "wots", "wran", "wrnt", "wsan"]}