{"root_word": ["membranal"], "root_letter": ["n"], "nine": [], "eight": [], "seven": [], "six": ["almner", "barmen", "berman", "bernal", "branle", "brelan", "marlen"], "five": ["abner", "alben", "arlen", "armen", "arneb", "arnel", "beman", "berna", "blane", "brena", "elman", "elnar", "enarm", "learn", "leban", "lebna", "leman", "lemna", "lerna", "maben", "maren", "marne", "melan", "melan", "merna", "nable", "nambe", "namer", "neral", "reban", "reman", "renal"], "four": ["alen", "amen", "anem", "anre", "aren", "arne", "bane", "barn", "bean", "bena", "bern", "blan", "blen", "bran", "bren", "elan", "elna", "enam", "eran", "erna", "laen", "lane", "larn", "lean", "lena", "lman", "mane", "mean", "mena", "mren", "mrna", "mrna", "nabe", "nael", "nale", "name", "nare", "neal", "near", "nebr", "nebr", "nela", "rane", "rena"]}