{"root_word": ["bedlamism"], "root_letter": ["m"], "nine": [], "eight": ["bedismal", "disblame", "semibald"], "seven": ["bedlams", "beldams", "imbased", "lambies", "medials", "misdeal", "mislead"], "six": ["aldime", "ambled", "ambles", "amebid", "amides", "amiles", "asmile", "bedims", "bedlam", "belami", "beldam", "bemail", "blamed", "blames", "damsel", "dimble", "dismal", "imbase", "imbeds", "imelda", "ismael", "lambed", "lambes", "lambie", "lameds", "limbas", "limbed", "madeli", "maible", "maidel", "mailed", "mailes", "maisel", "medals", "medals", "medial", "medias", "meliad", "melisa", "mesail", "mesiad", "mesial", "midsea", "misled", "sambel", "samiel", "selima", "slimed", "smiled"], "five": ["abime", "aimed", "aldim", "almes", "ambie", "amble", "amide", "amids", "amiel", "amies", "amsel", "balms", "balms", "beams", "bedim", "belam", "bemad", "bemas", "bemis", "bimas", "bisme", "blame", "blams", "dames", "damie", "damle", "deism", "delim", "delma", "demal", "desma", "diamb", "dimes", "dimes", "disme", "embla", "iambe", "iambs", "ibeam", "idems", "imbed", "islam", "ismal", "lambs", "lambs", "lamed", "lames", "lebam", "limas", "limba", "limbs", "limed", "limes", "limes", "mabel", "mabes", "mabie", "mable", "madel", "maids", "maile", "mails", "maise", "males", "males", "malie", "meads", "meals", "meals", "medal", "media", "melas", "melba", "melda", "melds", "melia", "melis", "mesad", "mesal", "milda", "milde", "miles", "miles", "salem", "salim", "salmi", "samel", "seami", "selim", "selma", "silma", "simal", "simba", "simla", "slime", "smail", "smile"], "four": ["adim", "admi", "aldm", "alem", "alme", "alms", "ambe", "ambi", "amel", "ames", "amid", "amid", "amie", "amil", "amis", "amli", "asem", "balm", "bams", "beam", "blam", "blim", "bmed", "dame", "dams", "dams", "dema", "demb", "demi", "demi", "desm", "diam", "diam", "diem", "dime", "edam", "elam", "elma", "elms", "emad", "emda", "emia", "emil", "esma", "iamb", "iams", "idem", "ilam", "imbe", "isma", "lamb", "lame", "lams", "leam", "lema", "liam", "lima", "limb", "lime", "mabe", "mabi", "made", "madi", "mads", "maed", "mael", "maes", "maid", "mail", "male", "male", "mali", "mdse", "mead", "meal", "meas", "meda", "medi", "mela", "meli", "mels", "mesa", "miae", "mial", "mias", "mibs", "mide", "mids", "mila", "mild", "mile", "mils", "mise", "saim", "salm", "same", "sami", "saml", "seam", "semi", "semi", "sima", "sime"]}