{"root_word": ["remissive"], "root_letter": ["r"], "nine": [], "eight": [], "seven": [], "six": ["verism", "vermis"], "five": ["emirs", "ivers", "meris", "mires", "mirvs", "miser", "reims", "rimes", "rives", "siver", "vermi", "viers", "vires", "vries"], "four": ["emir", "eris", "imer", "imre", "ires", "ires", "irme", "iver", "meir", "meri", "merv", "mire", "reim", "reis", "remi", "rems", "revs", "riem", "ries", "rime", "rims", "rims", "rise", "rive", "seri", "serv", "sier", "sire", "veri", "vers", "vier", "vire"]}