{"root_word": ["suppurant"], "root_letter": ["s"], "nine": [], "eight": [], "seven": ["suntrap", "unstrap"], "six": ["raptus", "santur", "saturn", "sprunt", "surnap", "transp", "transp", "unspar", "unstar"], "five": ["arnst", "artus", "aruns", "astur", "aunts", "aunts", "austr", "natus", "pants", "panus", "parts", "parus", "prats", "praus", "punas", "punts", "pusan", "rants", "runts", "saunt", "snurp", "snurt", "spart", "sprat", "spurn", "spurt", "sputa", "starn", "staun", "staup", "strap", "stupa", "suant", "supat", "supra", "supra", "surat", "sutra", "tarns", "tarps", "trans", "trans", "trans", "traps", "traps", "tunas", "turns", "turps", "usant"], "four": ["ansu", "ants", "ants", "anus", "apsu", "apts", "apus", "arst", "arts", "arts", "astr", "astr", "astr", "asur", "aust", "aust", "naps", "naps", "nast", "nuts", "nuts", "pans", "pars", "past", "pats", "prus", "prus", "ptas", "puns", "puns", "purs", "puts", "raps", "raps", "rasp", "rats", "rats", "runs", "rusa", "rust", "ruts", "ruts", "sant", "sapr", "sart", "saur", "saut", "snap", "snup", "snur", "span", "spat", "spun", "sput", "srta", "srta", "stan", "stap", "star", "stra", "stun", "sunt", "supa", "supr", "supt", "supt", "sura", "surt", "tans", "taps", "taps", "tars", "tasu", "taus", "tsan", "tsar", "tsun", "tuns", "tups", "upas", "urns", "urns", "ursa", "utas"]}