{"root_word": ["topsmelts"], "root_letter": ["m"], "nine": [], "eight": [], "seven": [], "six": ["mespot", "molest", "motels", "motels", "tempos"], "five": ["epsom", "melos", "melts", "metol", "moles", "molet", "molpe", "molts", "mopes", "mosel", "moste", "motel", "motes", "poems", "poems", "pomel", "pomes", "slemp", "smelt", "smelt", "smolt", "smote", "somet", "stome", "stomp", "temps", "tomes"], "four": ["elmo", "elms", "empt", "etom", "lome", "mels", "melt", "meso", "meso", "mest", "mets", "mlos", "moet", "mole", "mols", "molt", "mope", "mops", "mopt", "mose", "most", "mote", "mots", "poem", "pome", "poms", "some", "stem", "stom", "temp", "temp", "tome"]}