{"root_word": ["orwellian"], "root_letter": ["r"], "nine": [], "eight": ["rowleian"], "seven": ["aileron", "alerion", "alienor", "loraine", "onerail", "wilrone"], "six": ["aleron", "aliner", "ariole", "arline", "elinor", "elnora", "elwira", "enrail", "erlina", "inower", "lainer", "lanier", "larine", "lawner", "lawrie", "leanor", "lenoir", "lenora", "lenrow", "lerona", "lienor", "linear", "loaner", "lonier", "lorain", "lorane", "lorena", "lorien", "lorine", "lowrie", "nailer", "neroli", "newari", "noiler", "oralie", "orelia", "oriane", "orlean", "orlena", "orlina", "rawnie", "reloan", "renail", "rowena", "wailer", "wainer", "wanier", "warine", "warnel", "winare", "wornil"], "five": ["aerol", "aeron", "aeron", "airel", "alroi", "ariel", "ariew", "arion", "arlen", "arlie", "arlin", "arlon", "arnel", "arnie", "awner", "einar", "elnar", "elora", "enrol", "erian", "erina", "erlin", "erwin", "ierna", "inrol", "irena", "irone", "larin", "laron", "learn", "leora", "lerna", "leroi", "lerwa", "liner", "loire", "loner", "loren", "loria", "lorie", "lorin", "lorna", "lorne", "lower", "nalor", "narew", "neral", "nerol", "newar", "noire", "noria", "norie", "oiler", "orale", "orial", "orian", "oriel", "orlan", "orlin", "ornie", "orwin", "owler", "owner", "raine", "ranie", "ranli", "rawin", "reina", "renal", "reoil", "reown", "rewan", "rewin", "rewon", "riane", "roane", "rolan", "ronal", "ronel", "rowan", "rowel", "rowen", "waler", "waner", "warne", "winer"], "four": ["aeri", "aero", "aero", "aire", "airn", "anre", "arel", "aren", "areo", "arew", "arie", "aril", "arin", "ario", "arle", "arlo", "arne", "arni", "arno", "aron", "arow", "arow", "earl", "eral", "eran", "eria", "erin", "erna", "iare", "inro", "iran", "iran", "iron", "lair", "lare", "lari", "larn", "lear", "leor", "liar", "lier", "lira", "lire", "loar", "loir", "lora", "lore", "lori", "lorn", "nair", "naor", "nare", "nari", "narw", "near", "neri", "nero", "nier", "noir", "nora", "nore", "nori", "norw", "norw", "olar", "oler", "oner", "orae", "oral", "oran", "orel", "oren", "oria", "orin", "orla", "orle", "orna", "orne", "ower", "rail", "rain", "rale", "rane", "rani", "rawl", "real", "rein", "rena", "reni", "reni", "reno", "rial", "riel", "rile", "rina", "rine", "rion", "roan", "roil", "roin", "rola", "role", "rone", "rowe", "waer", "wair", "ware", "warl", "warn", "wear", "weir", "wera", "weri", "wier", "wira", "wire", "wirl", "wore", "worl", "worn", "wran", "wren"]}