{"root_word": ["sorceries"], "root_letter": ["s"], "nine": [], "eight": [], "seven": [], "six": ["corsie", "cosier", "croesi", "croise"], "five": ["ceros", "cires", "coirs", "cores", "corse", "cosie", "cries", "crois", "crose", "icers", "ireos", "osier", "osric", "rices", "risco", "rosie", "score", "secor", "seric", "serio", "serio", "sicer", "siroc", "sorce", "sorci"], "four": ["cise", "coes", "cose", "cres", "eris", "eros", "ices", "icos", "ieso", "iocs", "ires", "ires", "oise", "orcs", "ores", "ores", "osei", "recs", "reis", "ries", "rise", "rocs", "roes", "rois", "scio", "seco", "seor", "seri", "sero", "sero", "sice", "sier", "sire", "soce", "soir", "sore", "sori"]}